act_time,eqpid,chid,side,ppid,foupid,slotid,sh_dist_delta,Teos_factor_delta,avg_thk,range_thk,stress_thk,s1,s2,s3,s4,s5,s6,s7,s8,s9,s10,s11,s12,s13,title,work_order,group,group_order,pressure_delta,pm_count,sh_count
2026-07-01 11:40:07,E01,CH01,1,PPID_C,F0001,8,-14,-0.02,7374.5,185.4,-163.4,7434.6,7388.9,7441.7,7471.0,7285.6,7323.2,7360.9,7316.8,7379.8,7386.6,7305.6,7324.8,7448.8,Chamber PM,WO-E01-001,2026-07-01 11:40:07_E01_Chamber PM,start,0,1,4
2026-07-01 11:40:07,E01,CH01,2,PPID_C,F0001,9,19,-0.02,7412.6,393.0,-163.6,7436.6,7434.0,7132.9,7321.3,7465.6,7334.2,7513.7,7525.9,7465.3,7329.3,7453.5,7439.7,7512.4,Chamber PM,WO-E01-001,2026-07-01 11:40:07_E01_Chamber PM,start,0,1,4
2026-07-01 14:20:25,E02,CH03,1,PPID_A,F0002,7,0,0.04,7639.9,616.1,-154.8,7674.2,7688.0,7603.3,7366.3,7738.5,7608.3,7694.3,7504.7,7432.2,7487.6,7605.7,7933.8,7982.4,가스 라인 점검,WO-E02-001,2026-07-01 14:20:25_E02_가스 라인 점검,start,0,1,3
2026-07-01 14:20:25,E02,CH03,2,PPID_A,F0002,8,7,0.04,7691.8,1391.9,-180.4,8171.6,7603.4,7116.8,7875.8,7182.5,8167.4,8508.7,7204.1,7299.9,8373.4,7514.1,7423.0,7553.3,가스 라인 점검,WO-E02-001,2026-07-01 14:20:25_E02_가스 라인 점검,start,0,1,0
2026-07-01 17:08:42,E03,CH03,1,PPID_B,F0003,9,7,0.03,7692.7,580.7,-178.1,7649.0,7502.8,7900.0,7596.1,7981.2,7746.2,7695.6,7639.5,7582.0,7914.7,7400.5,7665.9,7731.3,센서 교정,WO-E03-001,2026-07-01 17:08:42_E03_센서 교정,start,0,3,1
2026-07-01 17:08:42,E03,CH03,2,PPID_B,F0003,10,7,0.03,7675.2,717.3,-181.6,7923.3,7568.5,7551.4,7726.5,7719.5,7735.1,7855.5,7778.1,7206.0,7598.7,7592.9,7668.3,7853.5,센서 교정,WO-E03-001,2026-07-01 17:08:42_E03_센서 교정,start,0,3,4
2026-07-01 20:24:16,E04,CH03,1,PPID_C,F0004,14,11,0.03,7384.6,687.1,-174.0,7118.3,7445.8,7034.0,7524.3,7638.6,7590.3,7527.9,7645.3,7227.5,7323.0,6958.2,7411.5,7554.6,전극 교체,WO-E04-001,2026-07-01 20:24:16_E04_전극 교체,start,0,0,3
2026-07-01 20:24:16,E04,CH03,2,PPID_C,F0004,15,0,0.03,7632.3,134.7,-175.8,7665.1,7671.9,7662.3,7631.0,7648.9,7568.2,7649.4,7654.9,7570.6,7649.5,7638.9,7671.7,7537.2,전극 교체,WO-E04-001,2026-07-01 20:24:16_E04_전극 교체,start,0,0,1
2026-07-01 23:21:13,E05,CH03,1,PPID_D,F0005,9,7,-0.05,7405.9,848.4,-191.5,7614.8,7362.6,7219.2,7301.0,7430.4,7457.9,7294.9,7422.5,7490.6,7359.7,7239.4,7117.8,7966.2,Chamber 세정,WO-E05-001,2026-07-01 23:21:13_E05_Chamber 세정,start,0,4,3
2026-07-01 23:21:13,E05,CH03,2,PPID_D,F0005,10,6,-0.05,7274.9,450.7,-193.3,7197.3,7385.8,7125.1,7440.4,7407.3,7327.4,7152.2,7278.7,7285.8,7462.2,7027.4,7016.6,7467.3,Chamber 세정,WO-E05-001,2026-07-01 23:21:13_E05_Chamber 세정,start,0,4,3
2026-07-02 02:37:16,E06,CH01,1,PPID_A,F0006,20,0,0.01,7404.5,191.9,-171.9,7399.1,7455.0,7466.8,7303.7,7447.2,7495.6,7352.2,7347.9,7333.8,7416.2,7397.0,7426.6,7417.2,부품 교체,WO-E06-001,2026-07-02 02:37:16_E06_부품 교체,start,0,1,6
2026-07-02 02:37:16,E06,CH01,2,PPID_A,F0006,21,-20,0.01,7426.5,947.1,-172.3,7272.5,7134.8,7521.3,7724.1,7321.3,7266.0,7164.1,7435.0,7598.4,7964.4,7588.4,7017.3,7537.5,부품 교체,WO-E06-001,2026-07-02 02:37:16_E06_부품 교체,start,0,1,4
2026-07-02 05:25:15,E07,CH02,1,PPID_A,F0007,4,13,0.01,7477.0,669.0,-177.0,7593.6,7574.1,7218.0,7742.6,7564.3,7221.5,7633.4,7772.5,7491.3,7236.9,7398.6,7650.5,7103.5,정기 예방 보전,WO-E07-001,2026-07-02 05:25:15_E07_정기 예방 보전,start,0,1,5
2026-07-02 05:25:15,E07,CH02,2,PPID_A,F0007,5,4,0.01,7395.8,249.4,-171.9,7537.6,7374.3,7441.4,7311.6,7354.4,7405.4,7419.4,7512.9,7288.2,7344.7,7372.4,7378.2,7404.9,정기 예방 보전,WO-E07-001,2026-07-02 05:25:15_E07_정기 예방 보전,start,0,1,4
2026-07-02 08:10:53,E08,CH03,1,PPID_B,F0008,20,5,0.03,7342.9,201.1,-156.1,7358.8,7311.4,7276.5,7322.4,7397.4,7297.2,7323.5,7309.0,7467.2,7371.7,7295.8,7461.0,7266.1,Chamber PM,WO-E08-001,2026-07-02 08:10:53_E08_Chamber PM,start,0,5,5
2026-07-02 08:10:53,E08,CH03,2,PPID_B,F0008,21,-10,0.03,7336.7,589.3,-170.2,7314.7,7257.2,7534.3,7479.3,7208.9,7024.9,7126.0,7235.1,7614.2,7288.5,7305.1,7592.4,7396.3,Chamber PM,WO-E08-001,2026-07-02 08:10:53_E08_Chamber PM,start,0,5,5
2026-07-02 11:27:23,E09,CH03,1,PPID_B,F0009,14,-3,-0.03,7579.7,573.0,-165.8,7738.9,7379.9,7778.0,7545.9,7326.2,7483.0,7502.1,7818.6,7550.9,7899.2,7480.6,7575.1,7457.9,가스 라인 점검,WO-E09-001,2026-07-02 11:27:23_E09_가스 라인 점검,start,0,3,2
2026-07-02 11:27:23,E09,CH03,2,PPID_B,F0009,15,8,-0.03,7507.1,665.5,-176.4,7539.2,7348.6,7463.0,7631.1,7354.4,7636.8,7789.4,7123.9,7508.8,7132.9,7713.6,7607.6,7742.7,가스 라인 점검,WO-E09-001,2026-07-02 11:27:23_E09_가스 라인 점검,start,0,3,2
2026-07-02 14:00:45,E10,CH02,1,PPID_C,F0010,2,-12,-0.05,7530.8,325.0,-178.8,7570.2,7632.0,7508.7,7699.4,7462.2,7542.5,7605.1,7374.4,7464.2,7519.2,7559.3,7505.2,7457.8,센서 교정,WO-E10-001,2026-07-02 14:00:45_E10_센서 교정,start,0,1,3
2026-07-02 14:00:45,E10,CH02,2,PPID_C,F0010,3,-14,-0.05,7560.8,184.6,-165.0,7517.1,7628.2,7648.2,7522.8,7550.1,7551.2,7487.0,7621.2,7463.6,7501.7,7645.9,7633.1,7520.5,센서 교정,WO-E10-001,2026-07-02 14:00:45_E10_센서 교정,start,0,1,3
2026-07-02 17:36:58,E11,CH03,1,PPID_D,F0011,4,5,0.02,7735.3,736.8,-166.1,7831.0,7690.9,7972.8,7827.8,8193.2,7456.4,7879.5,7699.5,7723.7,7594.2,7581.1,7628.7,7480.1,전극 교체,WO-E11-001,2026-07-02 17:36:58_E11_전극 교체,start,0,1,3
2026-07-02 17:36:58,E11,CH03,2,PPID_D,F0011,5,-2,0.02,7582.9,709.5,-179.7,7292.8,7629.7,7681.1,7585.1,7577.8,7829.1,7679.8,7536.7,7614.2,7481.9,8002.3,7312.6,7354.3,전극 교체,WO-E11-001,2026-07-02 17:36:58_E11_전극 교체,start,0,1,6
2026-07-02 20:26:05,E12,CH02,1,PPID_A,F0012,15,-11,-0.04,7572.3,583.4,-176.2,7796.4,7213.0,7300.5,7787.4,7626.9,7462.2,7724.4,7491.4,7491.3,7775.3,7670.5,7698.2,7402.7,Chamber 세정,WO-E12-001,2026-07-02 20:26:05_E12_Chamber 세정,start,0,4,5
2026-07-02 20:26:05,E12,CH02,2,PPID_A,F0012,16,-5,-0.04,7482.9,760.7,-163.0,7552.0,7445.6,7216.5,7809.3,7048.6,7302.6,7565.2,7341.9,7659.6,7327.3,7707.3,7749.7,7551.8,Chamber 세정,WO-E12-001,2026-07-02 20:26:05_E12_Chamber 세정,start,0,4,2
2026-07-02 23:43:54,E13,CH03,1,PPID_C,F0013,21,-18,0.02,7651.4,362.8,-162.0,7697.3,7707.7,7624.2,7599.0,7834.6,7702.4,7538.6,7723.0,7720.5,7775.6,7568.4,7471.8,7505.4,부품 교체,WO-E13-001,2026-07-02 23:43:54_E13_부품 교체,start,0,4,4
2026-07-02 23:43:54,E13,CH03,2,PPID_C,F0013,22,9,0.02,7688.6,345.9,-164.0,7641.7,7618.2,7649.1,7747.8,7663.9,7713.9,7811.1,7649.8,7926.5,7580.6,7670.8,7594.0,7684.7,부품 교체,WO-E13-001,2026-07-02 23:43:54_E13_부품 교체,start,0,4,4
2026-07-03 02:38:51,E14,CH03,1,PPID_B,F0014,21,-12,-0.02,7516.1,752.9,-154.4,7364.8,7633.5,7509.4,7867.4,7114.5,7448.6,7633.2,7450.6,7669.0,7280.1,7637.8,7580.8,7520.0,정기 예방 보전,WO-E14-001,2026-07-03 02:38:51_E14_정기 예방 보전,start,0,2,4
2026-07-03 02:38:51,E14,CH03,2,PPID_B,F0014,22,-20,-0.02,7375.2,2050.5,-184.6,6547.3,7176.4,7855.4,7038.9,7586.0,7137.5,7200.2,7365.0,7031.1,8597.8,7753.8,7164.1,7423.7,정기 예방 보전,WO-E14-001,2026-07-03 02:38:51_E14_정기 예방 보전,start,0,2,2
2026-07-03 05:26:41,E15,CH01,1,PPID_D,F0015,20,-3,0.01,7619.0,356.6,-195.0,7606.0,7545.3,7736.8,7597.0,7813.8,7797.8,7492.6,7457.2,7622.3,7685.2,7591.6,7493.4,7608.6,Chamber PM,WO-E15-001,2026-07-03 05:26:41_E15_Chamber PM,start,0,3,3
2026-07-03 05:26:41,E15,CH01,2,PPID_D,F0015,21,-12,0.01,7724.7,337.2,-177.8,7681.9,7630.9,7774.2,7700.9,7721.1,7759.8,7711.8,7634.1,7700.1,7780.9,7611.3,7948.5,7765.3,Chamber PM,WO-E15-001,2026-07-03 05:26:41_E15_Chamber PM,start,0,3,3
2026-07-03 08:45:58,E16,CH03,1,PPID_A,F0016,3,-16,0.0,7488.8,497.0,-172.5,7305.5,7660.7,7222.1,7635.4,7638.1,7338.1,7622.7,7384.6,7469.3,7338.5,7719.1,7415.7,7604.5,가스 라인 점검,WO-E16-001,2026-07-03 08:45:58_E16_가스 라인 점검,start,0,0,4
2026-07-03 08:45:58,E16,CH03,2,PPID_A,F0016,4,-12,0.0,7513.6,662.3,-161.4,7655.8,7435.9,7726.3,7456.4,7128.4,7454.5,7498.4,7790.7,7744.2,7300.6,7441.1,7682.5,7361.4,가스 라인 점검,WO-E16-001,2026-07-03 08:45:58_E16_가스 라인 점검,start,0,0,0
2026-07-03 11:44:17,E17,CH01,1,PPID_B,F0017,9,2,-0.01,7654.4,519.4,-166.7,7754.3,7816.9,7620.7,7773.4,7553.4,7320.1,7689.9,7632.4,7571.8,7836.9,7556.0,7839.5,7541.7,센서 교정,WO-E17-001,2026-07-03 11:44:17_E17_센서 교정,start,0,1,3
2026-07-03 11:44:17,E17,CH01,2,PPID_B,F0017,10,-18,-0.01,7630.3,207.7,-145.8,7747.7,7605.1,7540.0,7583.0,7642.4,7638.7,7706.9,7547.1,7687.9,7674.2,7649.8,7589.8,7581.5,센서 교정,WO-E17-001,2026-07-03 11:44:17_E17_센서 교정,start,0,1,6
2026-07-03 14:44:58,E18,CH03,1,PPID_A,F0018,14,17,-0.04,7481.8,1849.7,-160.6,7504.2,8217.0,7073.5,7311.5,8038.5,7214.3,7372.6,7666.3,8414.9,7913.7,6814.3,7157.9,6565.2,전극 교체,WO-E18-001,2026-07-03 14:44:58_E18_전극 교체,start,0,3,7
2026-07-03 14:44:58,E18,CH03,2,PPID_A,F0018,15,0,-0.04,7317.6,1448.9,-189.9,6539.5,7769.1,7508.9,7988.4,7600.2,7648.7,6955.4,6745.9,7147.3,7538.3,6849.8,7421.7,7415.1,전극 교체,WO-E18-001,2026-07-03 14:44:58_E18_전극 교체,start,0,3,5
2026-07-03 17:02:15,E19,CH03,1,PPID_D,F0019,17,3,0.03,7477.6,437.0,-166.3,7351.7,7380.2,7718.4,7647.5,7360.1,7281.4,7463.0,7487.6,7499.3,7406.1,7507.3,7668.7,7437.1,Chamber 세정,WO-E19-001,2026-07-03 17:02:15_E19_Chamber 세정,start,0,4,4
2026-07-03 17:02:15,E19,CH03,2,PPID_D,F0019,18,13,0.03,7452.0,468.6,-165.6,7283.3,7634.5,7428.1,7589.8,7493.5,7293.6,7477.9,7324.4,7226.9,7545.9,7578.3,7695.5,7304.0,Chamber 세정,WO-E19-001,2026-07-03 17:02:15_E19_Chamber 세정,start,0,4,5
2026-07-03 20:28:39,E20,CH03,1,PPID_D,F0020,8,10,0.03,7482.9,654.3,-172.1,7149.3,7545.9,7355.7,7520.6,7491.3,7409.0,7720.3,7335.0,7535.1,7505.0,7492.8,7414.0,7803.6,부품 교체,WO-E20-001,2026-07-03 20:28:39_E20_부품 교체,start,0,4,4
2026-07-03 20:28:39,E20,CH03,2,PPID_D,F0020,9,3,0.03,7365.8,410.7,-177.8,7212.6,7420.5,7186.6,7322.1,7581.3,7326.8,7227.6,7343.1,7597.3,7309.8,7334.6,7467.4,7425.4,부품 교체,WO-E20-001,2026-07-03 20:28:39_E20_부품 교체,start,0,4,5
2026-07-03 23:31:38,E01,CH01,1,PPID_B,F0021,23,-20,-0.03,7440.8,693.6,-167.4,7727.2,7652.4,7033.6,7411.7,7250.0,7460.2,7666.4,7454.0,7281.4,7278.6,7582.9,7503.7,7428.5,Chamber PM,WO-E01-001,2026-07-01 11:40:07_E01_Chamber PM,1,-1,2,6
2026-07-03 23:31:38,E01,CH01,2,PPID_B,F0021,24,-12,-0.03,7348.4,483.2,-164.0,7219.6,7404.8,7367.0,7531.3,7351.1,7399.4,7479.3,7325.3,7414.6,7361.4,7048.1,7227.2,7400.0,Chamber PM,WO-E01-001,2026-07-01 11:40:07_E01_Chamber PM,1,-1,2,6
2026-07-04 02:46:27,E02,CH01,1,PPID_D,F0022,20,0,-0.03,7442.8,440.5,-171.0,7454.4,7402.5,7431.0,7219.2,7341.0,7321.2,7353.7,7539.3,7659.7,7512.3,7514.8,7531.2,7475.9,가스 라인 점검,WO-E02-001,2026-07-01 14:20:25_E02_가스 라인 점검,1,-1,4,5
2026-07-04 02:46:27,E02,CH01,2,PPID_D,F0022,21,3,-0.03,7438.8,498.6,-178.7,7484.2,7434.7,7424.2,7325.9,7499.3,7492.5,7679.1,7662.6,7392.2,7180.5,7601.4,7335.2,7193.2,가스 라인 점검,WO-E02-001,2026-07-01 14:20:25_E02_가스 라인 점검,1,-1,4,4
2026-07-04 05:34:18,E03,CH03,1,PPID_B,F0023,23,3,0.05,7355.3,1663.7,-194.2,7422.9,7299.5,7505.1,7006.6,6952.1,8472.7,7438.0,6809.0,7180.5,7123.5,7737.3,7019.4,7652.8,센서 교정,WO-E03-001,2026-07-01 17:08:42_E03_센서 교정,1,-1,5,1
2026-07-04 05:34:18,E03,CH03,2,PPID_B,F0023,24,-1,0.05,7206.4,571.5,-150.4,7294.5,7580.5,7111.1,7222.0,7297.8,7205.6,7320.8,7150.9,7068.7,7009.0,7153.0,7127.7,7141.9,센서 교정,WO-E03-001,2026-07-01 17:08:42_E03_센서 교정,1,-1,5,7
2026-07-04 08:40:34,E04,CH03,1,PPID_C,F0024,16,5,-0.02,7553.1,698.4,-169.7,7421.2,7602.7,7520.3,7153.3,7751.9,7779.2,7389.1,7633.2,7515.4,7851.7,7681.0,7462.7,7428.3,전극 교체,WO-E04-001,2026-07-01 20:24:16_E04_전극 교체,1,-1,2,5
2026-07-04 08:40:34,E04,CH03,2,PPID_C,F0024,17,11,-0.02,7670.3,215.3,-167.8,7791.8,7683.6,7793.7,7578.4,7594.2,7710.8,7676.6,7625.2,7712.0,7593.7,7637.0,7584.1,7732.5,전극 교체,WO-E04-001,2026-07-01 20:24:16_E04_전극 교체,1,-1,2,1
2026-07-04 11:08:06,E05,CH03,1,PPID_C,F0025,11,-11,0.03,7718.5,532.5,-160.7,7765.1,7738.0,7494.4,7529.9,7869.3,8020.5,7488.0,7875.1,7555.2,7889.7,7841.6,7632.2,7641.8,Chamber 세정,WO-E05-001,2026-07-01 23:21:13_E05_Chamber 세정,1,-1,5,5
2026-07-04 11:08:06,E05,CH03,2,PPID_C,F0025,12,17,0.03,7655.2,747.7,-161.8,7682.2,7442.6,7490.5,8075.5,7778.9,7656.9,7774.4,7743.6,7327.8,7781.8,7702.4,7565.8,7495.2,Chamber 세정,WO-E05-001,2026-07-01 23:21:13_E05_Chamber 세정,1,-1,5,3
2026-07-04 14:21:34,E06,CH03,1,PPID_C,F0026,20,-5,0.02,7320.3,946.4,-177.8,7349.1,6961.7,7043.6,7363.8,7265.7,7647.6,7173.1,7485.2,7908.1,7481.0,7152.9,6994.8,7336.9,부품 교체,WO-E06-001,2026-07-02 02:37:16_E06_부품 교체,1,-1,2,7
2026-07-04 14:21:34,E06,CH03,2,PPID_C,F0026,21,17,0.02,7387.0,1725.3,-163.2,7973.4,7706.5,7593.3,8131.2,8260.8,6783.2,6535.5,7357.4,6941.8,7400.5,6635.7,7436.9,7274.8,부품 교체,WO-E06-001,2026-07-02 02:37:16_E06_부품 교체,1,-1,2,4
2026-07-04 17:02:53,E07,CH03,1,PPID_D,F0027,6,-20,-0.01,7705.3,639.5,-154.2,7314.6,7716.0,7783.2,7841.9,7427.1,7954.1,7835.4,7638.1,7741.3,7932.6,7427.6,7706.7,7850.4,정기 예방 보전,WO-E07-001,2026-07-02 05:25:15_E07_정기 예방 보전,1,-1,2,3
2026-07-04 17:02:53,E07,CH03,2,PPID_D,F0027,7,-3,-0.01,7657.0,387.0,-175.1,7735.7,7677.4,7673.5,7533.0,7830.4,7674.7,7804.5,7608.1,7612.3,7693.8,7443.4,7480.6,7774.1,정기 예방 보전,WO-E07-001,2026-07-02 05:25:15_E07_정기 예방 보전,1,-1,2,5
2026-07-04 20:48:38,E08,CH01,1,PPID_D,F0028,17,16,0.0,7266.4,789.3,-188.0,7170.9,7217.0,7125.3,6945.7,7190.7,7309.0,7005.4,7164.4,7445.9,7277.2,7475.9,7400.2,7735.0,Chamber PM,WO-E08-001,2026-07-02 08:10:53_E08_Chamber PM,1,-1,2,5
2026-07-04 20:48:38,E08,CH01,2,PPID_D,F0028,18,-12,0.0,7342.5,565.5,-161.3,7516.5,7061.6,7585.9,7266.2,7126.6,7301.2,7460.3,7351.3,7226.6,7265.3,7627.1,7431.1,7232.7,Chamber PM,WO-E08-001,2026-07-02 08:10:53_E08_Chamber PM,1,-1,2,5
2026-07-04 23:46:48,E09,CH01,1,PPID_A,F0029,22,-19,0.01,7551.5,1672.0,-168.9,7134.4,6816.8,7078.5,7683.2,8305.9,8488.8,7045.3,7273.3,7586.8,8344.8,7237.3,7679.4,7495.5,가스 라인 점검,WO-E09-001,2026-07-02 11:27:23_E09_가스 라인 점검,1,-1,4,7
2026-07-04 23:46:48,E09,CH01,2,PPID_A,F0029,23,-17,0.01,7489.0,521.2,-167.9,7470.8,7536.0,7672.6,7246.3,7677.8,7749.2,7228.0,7527.0,7569.0,7346.1,7302.5,7560.4,7471.6,가스 라인 점검,WO-E09-001,2026-07-02 11:27:23_E09_가스 라인 점검,1,-1,4,5
2026-07-05 02:04:12,E10,CH02,1,PPID_D,F0030,7,-20,0.0,7330.7,823.2,-174.1,7369.2,6925.7,7251.1,7478.2,7107.5,7444.4,7545.5,7236.6,7400.8,7192.9,7748.9,7512.5,7086.4,센서 교정,WO-E10-001,2026-07-02 14:00:45_E10_센서 교정,1,-1,3,3
2026-07-05 02:04:12,E10,CH02,2,PPID_D,F0030,8,-8,0.0,7326.7,720.3,-179.8,7303.2,7318.6,7223.6,7216.7,7212.5,7560.8,7699.8,7104.5,7302.1,7673.2,6979.5,7063.5,7589.6,센서 교정,WO-E10-001,2026-07-02 14:00:45_E10_센서 교정,1,-1,3,3
2026-07-05 05:32:29,E11,CH03,1,PPID_A,F0031,20,19,0.05,7651.0,194.4,-179.4,7613.1,7611.9,7607.9,7676.1,7657.7,7605.4,7628.7,7694.3,7625.8,7625.8,7625.4,7690.6,7799.8,전극 교체,WO-E11-001,2026-07-02 17:36:58_E11_전극 교체,1,-1,3,3
2026-07-05 05:32:29,E11,CH03,2,PPID_A,F0031,21,5,0.05,7578.1,178.0,-172.0,7688.8,7510.8,7531.7,7563.8,7527.6,7586.7,7669.4,7572.4,7570.4,7554.4,7571.1,7614.0,7554.5,전극 교체,WO-E11-001,2026-07-02 17:36:58_E11_전극 교체,1,-1,3,8
2026-07-05 08:04:19,E12,CH02,1,PPID_B,F0032,19,14,0.01,7570.8,370.1,-167.3,7485.5,7418.6,7438.3,7612.3,7613.9,7520.9,7511.6,7788.7,7620.0,7525.9,7650.5,7626.6,7607.0,Chamber 세정,WO-E12-001,2026-07-02 20:26:05_E12_Chamber 세정,1,-1,4,5
2026-07-05 08:04:19,E12,CH02,2,PPID_B,F0032,20,4,0.01,7600.2,980.0,-178.7,7635.3,7539.8,7698.1,7305.3,7473.5,7830.4,7732.4,7478.6,7772.3,8139.8,7159.8,7418.1,7619.7,Chamber 세정,WO-E12-001,2026-07-02 20:26:05_E12_Chamber 세정,1,-1,4,2
2026-07-05 11:27:17,E13,CH03,1,PPID_C,F0033,16,-5,-0.04,7455.0,578.1,-192.0,7492.7,7498.9,7202.1,7714.7,7589.7,7248.7,7262.4,7313.6,7343.1,7577.3,7780.2,7400.6,7491.2,부품 교체,WO-E13-001,2026-07-02 23:43:54_E13_부품 교체,1,-1,6,4
2026-07-05 11:27:17,E13,CH03,2,PPID_C,F0033,17,15,-0.04,7296.1,613.7,-156.2,7184.4,7398.6,7277.2,7303.3,7268.9,7524.0,7584.5,7120.0,7197.3,7568.1,7167.1,7285.1,6970.8,부품 교체,WO-E13-001,2026-07-02 23:43:54_E13_부품 교체,1,-1,6,6
2026-07-05 14:10:41,E14,CH01,1,PPID_D,F0034,11,-14,0.01,7314.0,425.2,-166.5,7152.1,7241.3,7137.4,7220.3,7450.1,7398.6,7387.8,7274.6,7354.4,7477.6,7260.4,7165.3,7562.6,정기 예방 보전,WO-E14-001,2026-07-03 02:38:51_E14_정기 예방 보전,1,-1,0,4
2026-07-05 14:10:41,E14,CH01,2,PPID_D,F0034,12,-10,0.01,7425.8,438.5,-160.7,7594.8,7263.4,7459.6,7483.6,7612.4,7523.0,7290.4,7421.8,7529.8,7173.9,7276.6,7416.4,7490.2,정기 예방 보전,WO-E14-001,2026-07-03 02:38:51_E14_정기 예방 보전,1,-1,0,4
2026-07-05 17:20:38,E15,CH03,1,PPID_D,F0035,19,9,-0.04,7409.9,401.5,-152.5,7414.5,7431.9,7438.6,7560.6,7364.6,7508.6,7261.9,7236.8,7262.9,7363.3,7383.2,7463.6,7638.3,Chamber PM,WO-E15-001,2026-07-03 05:26:41_E15_Chamber PM,1,-1,2,4
2026-07-05 17:20:38,E15,CH03,2,PPID_D,F0035,20,6,-0.04,7466.9,224.2,-174.7,7578.3,7448.9,7507.3,7499.4,7354.1,7360.1,7461.2,7573.4,7470.8,7426.4,7484.9,7451.7,7452.8,Chamber PM,WO-E15-001,2026-07-03 05:26:41_E15_Chamber PM,1,-1,2,5
2026-07-05 20:05:28,E16,CH01,1,PPID_B,F0036,7,19,0.04,7770.8,834.2,-174.6,7649.0,7702.2,7363.8,7523.7,7539.8,8145.9,8198.0,8010.4,8179.1,7549.3,7618.6,8069.5,7471.7,가스 라인 점검,WO-E16-001,2026-07-03 08:45:58_E16_가스 라인 점검,1,-1,2,3
2026-07-05 20:05:28,E16,CH01,2,PPID_B,F0036,8,6,0.04,7498.8,1710.6,-181.7,7067.0,7565.1,6842.9,6969.5,7590.8,8553.5,8221.4,8031.7,6908.4,7818.2,7079.5,7313.9,7522.5,가스 라인 점검,WO-E16-001,2026-07-03 08:45:58_E16_가스 라인 점검,1,-1,2,1
2026-07-05 23:06:40,E17,CH03,1,PPID_A,F0037,4,-20,-0.03,7558.8,478.9,-175.4,7662.0,7372.9,7717.5,7695.8,7491.9,7478.0,7554.0,7275.1,7555.3,7647.6,7516.8,7543.6,7754.0,센서 교정,WO-E17-001,2026-07-03 11:44:17_E17_센서 교정,1,-1,2,4
2026-07-05 23:06:40,E17,CH03,2,PPID_A,F0037,5,-15,-0.03,7523.5,942.9,-178.3,7083.6,7618.5,6989.0,7736.9,7840.2,7017.5,7702.0,7078.1,7783.8,7931.9,7838.3,7777.3,7408.9,센서 교정,WO-E17-001,2026-07-03 11:44:17_E17_센서 교정,1,-1,2,2
2026-07-06 02:35:38,E18,CH03,1,PPID_A,F0038,22,18,-0.01,7384.7,422.2,-171.7,7643.7,7221.5,7261.8,7382.5,7621.7,7368.5,7288.9,7343.1,7571.5,7307.5,7353.5,7379.4,7257.9,전극 교체,WO-E18-001,2026-07-03 14:44:58_E18_전극 교체,1,-1,3,9
2026-07-06 02:35:38,E18,CH03,2,PPID_A,F0038,23,5,-0.01,7363.0,434.3,-160.9,7335.0,7222.5,7295.7,7132.0,7468.7,7566.3,7432.0,7398.0,7347.8,7206.0,7245.1,7541.7,7528.4,전극 교체,WO-E18-001,2026-07-03 14:44:58_E18_전극 교체,1,-1,3,7
2026-07-06 05:33:33,E19,CH03,1,PPID_B,F0039,12,-3,-0.03,7702.3,1677.4,-166.9,7125.9,7900.1,7215.2,7232.5,7828.8,7416.1,8192.5,7187.8,8579.7,7624.3,6902.3,8412.6,8512.0,Chamber 세정,WO-E19-001,2026-07-03 17:02:15_E19_Chamber 세정,1,-1,4,6
2026-07-06 05:33:33,E19,CH03,2,PPID_B,F0039,13,-6,-0.03,7532.5,784.0,-183.7,7674.0,7448.9,7713.5,7773.8,7044.2,7427.6,7609.4,7549.0,7557.3,7488.0,7828.2,7248.6,7559.7,Chamber 세정,WO-E19-001,2026-07-03 17:02:15_E19_Chamber 세정,1,-1,4,7
2026-07-06 08:26:01,E20,CH02,1,PPID_C,F0040,21,-20,-0.05,7774.3,865.7,-190.1,7892.0,8265.4,7795.0,7708.4,7775.6,8097.4,7399.7,7802.6,7588.0,7570.8,7633.9,7610.8,7926.8,부품 교체,WO-E20-001,2026-07-03 20:28:39_E20_부품 교체,1,-1,2,7
2026-07-06 08:26:01,E20,CH02,2,PPID_C,F0040,22,-16,-0.05,7662.4,1885.5,-182.3,7581.9,7408.9,7886.5,7811.1,7262.3,8414.1,8174.8,7500.5,7567.8,7444.5,6607.1,7458.8,8492.6,부품 교체,WO-E20-001,2026-07-03 20:28:39_E20_부품 교체,1,-1,2,4
2026-07-06 11:06:29,E01,CH01,1,PPID_B,F0041,4,-6,-0.05,7300.6,325.1,-175.1,7159.4,7162.5,7298.0,7259.9,7461.1,7463.2,7406.4,7304.3,7329.6,7138.1,7325.0,7324.5,7276.4,Chamber PM,WO-E01-001,2026-07-01 11:40:07_E01_Chamber PM,2,-2,3,7
2026-07-06 11:06:29,E01,CH01,2,PPID_B,F0041,5,-2,-0.05,7291.5,368.0,-175.3,7338.2,7151.1,7407.1,7519.1,7333.1,7288.4,7162.2,7204.3,7265.7,7272.6,7324.0,7366.3,7157.2,Chamber PM,WO-E01-001,2026-07-01 11:40:07_E01_Chamber PM,2,-2,3,7
2026-07-06 14:10:06,E02,CH02,1,PPID_B,F0042,9,-17,0.03,7703.5,660.1,-157.3,7321.9,7873.4,7696.6,7796.0,7452.0,7525.8,7915.6,7982.0,7876.3,7609.7,7844.2,7702.5,7549.4,가스 라인 점검,WO-E02-001,2026-07-01 14:20:25_E02_가스 라인 점검,2,-2,4,4
2026-07-06 14:10:06,E02,CH02,2,PPID_B,F0042,10,-17,0.03,7653.2,923.2,-165.4,7813.9,7912.2,7111.9,7453.0,7631.6,7877.8,8035.1,7481.5,7458.2,7939.1,7364.4,7657.0,7756.0,가스 라인 점검,WO-E02-001,2026-07-01 14:20:25_E02_가스 라인 점검,2,-2,4,4
2026-07-06 17:44:36,E03,CH03,1,PPID_A,F0043,6,19,0.04,7339.4,784.2,-166.3,7417.6,7174.7,7486.3,7310.7,7579.2,7223.2,7554.7,7457.5,7081.6,7663.9,7181.5,7402.0,6879.7,센서 교정,WO-E03-001,2026-07-01 17:08:42_E03_센서 교정,2,-2,7,4
2026-07-06 17:44:36,E03,CH03,2,PPID_A,F0043,7,-10,0.04,7450.7,233.0,-178.1,7481.1,7480.6,7427.3,7557.2,7466.5,7542.4,7409.4,7375.3,7354.6,7324.2,7548.6,7487.9,7404.0,센서 교정,WO-E03-001,2026-07-01 17:08:42_E03_센서 교정,2,-2,7,9
2026-07-06 20:25:36,E04,CH03,1,PPID_B,F0044,2,-15,0.0,7210.9,583.1,-168.9,7404.3,7306.2,7380.7,7156.3,7233.7,7209.0,7395.6,7164.3,7146.3,7288.2,7248.3,6987.3,6821.2,전극 교체,WO-E04-001,2026-07-01 20:24:16_E04_전극 교체,2,-2,4,6
2026-07-06 20:25:36,E04,CH03,2,PPID_B,F0044,3,4,0.0,7384.5,612.4,-161.8,7203.4,7479.6,7252.1,7285.5,7152.4,7245.2,7149.7,7561.3,7762.1,7476.6,7494.8,7561.6,7374.4,전극 교체,WO-E04-001,2026-07-01 20:24:16_E04_전극 교체,2,-2,4,4
2026-07-06 23:04:05,E05,CH03,1,PPID_D,F0045,18,13,0.0,7525.6,450.3,-161.6,7410.9,7613.1,7361.9,7432.3,7534.9,7603.5,7518.2,7812.2,7591.9,7589.8,7366.6,7398.7,7599.4,Chamber 세정,WO-E05-001,2026-07-01 23:21:13_E05_Chamber 세정,2,-2,7,6
2026-07-06 23:04:05,E05,CH03,2,PPID_D,F0045,19,3,0.0,7565.4,289.8,-194.6,7667.6,7559.5,7504.4,7711.1,7545.8,7441.2,7655.0,7652.3,7421.3,7650.6,7433.6,7500.7,7606.7,Chamber 세정,WO-E05-001,2026-07-01 23:21:13_E05_Chamber 세정,2,-2,7,6
2026-07-07 02:03:15,E06,CH01,1,PPID_D,F0046,2,-3,0.0,7551.4,254.6,-176.5,7482.4,7476.9,7709.2,7524.9,7620.8,7472.8,7604.1,7576.2,7592.7,7639.5,7454.6,7466.1,7547.7,부품 교체,WO-E06-001,2026-07-02 02:37:16_E06_부품 교체,2,-2,3,8
2026-07-07 02:03:15,E06,CH01,2,PPID_D,F0046,3,-20,0.0,7537.5,744.9,-185.3,7276.4,7445.9,8021.3,7585.3,7740.9,7516.2,7528.5,7713.8,7286.9,7423.2,7282.0,7437.9,7729.3,부품 교체,WO-E06-001,2026-07-02 02:37:16_E06_부품 교체,2,-2,3,7
2026-07-07 05:03:51,E07,CH03,1,PPID_C,F0047,22,11,-0.03,7686.5,450.9,-164.2,7873.6,7698.6,7664.1,7562.7,7815.2,7547.4,7805.6,7422.7,7717.1,7747.5,7757.4,7829.2,7483.1,정기 예방 보전,WO-E07-001,2026-07-02 05:25:15_E07_정기 예방 보전,2,-2,3,3
2026-07-07 05:03:51,E07,CH03,2,PPID_C,F0047,23,1,-0.03,7618.5,611.9,-171.0,7793.2,7481.3,7422.2,7596.5,7632.6,7323.2,7720.5,7346.7,7935.1,7770.7,7772.8,7328.9,7916.8,정기 예방 보전,WO-E07-001,2026-07-02 05:25:15_E07_정기 예방 보전,2,-2,3,5
2026-07-07 08:13:48,E08,CH02,1,PPID_B,F0048,16,7,-0.04,7365.2,668.7,-176.2,7539.2,7418.7,7199.9,7798.8,7236.2,7236.0,7535.3,7545.1,7451.3,7177.5,7203.6,7275.9,7130.1,Chamber PM,WO-E08-001,2026-07-02 08:10:53_E08_Chamber PM,2,-2,2,7
2026-07-07 08:13:48,E08,CH02,2,PPID_B,F0048,17,5,-0.04,7359.9,735.7,-167.5,7756.1,7196.1,7267.2,7020.4,7525.2,7218.1,7241.4,7406.8,7319.2,7259.8,7649.8,7557.0,7261.2,Chamber PM,WO-E08-001,2026-07-02 08:10:53_E08_Chamber PM,2,-2,2,1
2026-07-07 11:44:08,E09,CH03,1,PPID_A,F0049,17,-13,0.04,7413.6,668.0,-154.5,7586.7,6995.6,7508.3,7550.4,7256.3,7410.0,7559.5,7530.4,7413.9,7331.0,7295.9,7275.7,7663.6,가스 라인 점검,WO-E09-001,2026-07-02 11:27:23_E09_가스 라인 점검,2,-2,5,2
2026-07-07 11:44:08,E09,CH03,2,PPID_A,F0049,18,7,0.04,7314.0,1222.8,-164.0,7673.3,7213.1,7159.7,6732.7,6768.3,7557.6,7786.3,6731.3,7954.1,7450.2,7187.0,7587.5,7280.8,가스 라인 점검,WO-E09-001,2026-07-02 11:27:23_E09_가스 라인 점검,2,-2,5,2
2026-07-07 14:43:28,E10,CH02,1,PPID_D,F0050,12,-12,0.04,7259.4,847.8,-176.7,7620.8,7476.8,6914.8,7240.1,7762.6,7182.0,7130.7,7148.9,7140.4,7013.2,7574.1,7073.4,7094.9,센서 교정,WO-E10-001,2026-07-02 14:00:45_E10_센서 교정,2,-2,3,6
2026-07-07 14:43:28,E10,CH02,2,PPID_D,F0050,13,11,0.04,7306.1,321.2,-147.3,7281.6,7141.6,7447.9,7248.4,7266.4,7462.8,7265.3,7414.8,7326.6,7446.9,7276.9,7225.6,7174.9,센서 교정,WO-E10-001,2026-07-02 14:00:45_E10_센서 교정,2,-2,3,6
2026-07-07 17:35:49,E11,CH03,1,PPID_C,F0051,23,-6,0.02,7274.9,763.8,-165.3,7083.7,7256.9,6922.6,7279.9,7275.7,7398.7,7346.7,7593.0,7273.2,7227.8,7553.4,7533.1,6829.2,전극 교체,WO-E11-001,2026-07-02 17:36:58_E11_전극 교체,2,-2,4,6
2026-07-07 17:35:49,E11,CH03,2,PPID_C,F0051,24,15,0.02,7476.6,694.3,-161.3,7395.8,7458.0,7564.7,7273.5,7523.4,7100.5,7677.5,7355.0,7794.8,7505.5,7531.8,7357.5,7658.4,전극 교체,WO-E11-001,2026-07-02 17:36:58_E11_전극 교체,2,-2,4,9
2026-07-07 20:40:13,E12,CH02,1,PPID_B,F0052,20,-12,-0.01,7540.0,666.2,-163.7,7568.6,7472.5,7339.6,7672.7,7638.5,7181.7,7747.3,7360.0,7553.2,7512.5,7578.5,7847.9,7547.1,Chamber 세정,WO-E12-001,2026-07-02 20:26:05_E12_Chamber 세정,2,-2,6,8
2026-07-07 20:40:13,E12,CH02,2,PPID_B,F0052,21,-14,-0.01,7582.0,527.2,-165.5,7878.3,7430.4,7696.7,7563.8,7547.5,7650.8,7351.1,7579.4,7493.4,7499.5,7640.1,7461.8,7773.6,Chamber 세정,WO-E12-001,2026-07-02 20:26:05_E12_Chamber 세정,2,-2,6,5
2026-07-07 23:12:18,E13,CH03,1,PPID_B,F0053,22,-9,-0.04,7296.3,1004.1,-173.4,7415.1,7533.5,6840.4,7558.4,7026.1,7149.3,7262.5,7844.5,7310.6,7123.2,7443.6,7261.8,7083.0,부품 교체,WO-E13-001,2026-07-02 23:43:54_E13_부품 교체,2,-2,6,7
2026-07-07 23:12:18,E13,CH03,2,PPID_B,F0053,23,-2,-0.04,7365.5,456.4,-161.0,7550.2,7330.1,7322.1,7515.7,7209.9,7271.6,7210.2,7195.8,7456.3,7421.4,7218.7,7652.2,7396.7,부품 교체,WO-E13-001,2026-07-02 23:43:54_E13_부품 교체,2,-2,6,7
2026-07-08 02:10:49,E14,CH01,1,PPID_A,F0054,7,-7,0.05,7568.8,306.8,-178.5,7542.6,7395.8,7702.6,7576.2,7589.3,7636.4,7516.4,7565.5,7519.0,7664.3,7531.4,7536.6,7617.8,정기 예방 보전,WO-E14-001,2026-07-03 02:38:51_E14_정기 예방 보전,2,-2,0,6
2026-07-08 02:10:49,E14,CH01,2,PPID_A,F0054,8,12,0.05,7471.6,444.6,-148.8,7390.1,7373.2,7528.6,7439.5,7487.7,7223.4,7417.3,7668.0,7403.2,7623.6,7456.5,7615.0,7504.9,정기 예방 보전,WO-E14-001,2026-07-03 02:38:51_E14_정기 예방 보전,2,-2,0,6
2026-07-08 05:13:26,E15,CH02,1,PPID_B,F0055,6,-4,-0.02,7422.3,687.3,-175.6,7760.0,7072.7,7340.9,7471.3,7479.7,7266.9,7450.0,7426.0,7421.8,7718.8,7257.5,7356.3,7467.7,Chamber PM,WO-E15-001,2026-07-03 05:26:41_E15_Chamber PM,2,-2,2,2
2026-07-08 05:13:26,E15,CH02,2,PPID_B,F0055,7,7,-0.02,7470.3,494.9,-166.9,7539.6,7214.8,7624.4,7487.3,7461.6,7605.6,7437.9,7462.1,7138.3,7615.6,7306.9,7633.2,7586.3,Chamber PM,WO-E15-001,2026-07-03 05:26:41_E15_Chamber PM,2,-2,2,7
2026-07-08 08:09:23,E16,CH03,1,PPID_B,F0056,19,12,-0.01,7303.3,477.7,-169.6,7496.9,7123.3,7213.5,7355.9,7128.2,7019.2,7288.2,7436.8,7310.7,7373.5,7272.1,7481.1,7443.6,가스 라인 점검,WO-E16-001,2026-07-03 08:45:58_E16_가스 라인 점검,2,-2,0,6
2026-07-08 08:09:23,E16,CH03,2,PPID_B,F0056,20,-3,-0.01,7366.8,490.2,-152.7,7414.6,7234.9,7552.1,7152.6,7642.8,7526.5,7264.9,7315.2,7388.7,7312.2,7294.5,7373.1,7296.5,가스 라인 점검,WO-E16-001,2026-07-03 08:45:58_E16_가스 라인 점검,2,-2,0,3
2026-07-08 11:30:13,E17,CH02,1,PPID_D,F0057,1,16,-0.02,7200.1,1379.9,-172.4,7430.4,7478.3,6502.2,7882.1,7221.3,6627.9,6995.3,7064.9,7143.5,7445.7,7024.0,6987.5,7798.1,센서 교정,WO-E17-001,2026-07-03 11:44:17_E17_센서 교정,2,-2,4,5
2026-07-08 11:30:13,E17,CH02,2,PPID_D,F0057,2,-12,-0.02,7276.9,753.6,-165.2,7121.9,7327.8,7344.6,7633.8,7356.7,7152.0,7275.5,7573.4,7036.1,7218.1,7312.5,7367.3,6880.2,센서 교정,WO-E17-001,2026-07-03 11:44:17_E17_센서 교정,2,-2,4,4
2026-07-08 14:48:53,E18,CH01,1,PPID_D,F0058,5,-6,-0.01,7180.9,1328.7,-164.5,7542.0,7570.6,7100.7,7486.0,7694.7,7168.5,7281.0,7389.9,6605.5,6742.7,7046.1,7358.5,6366.0,전극 교체,WO-E18-001,2026-07-03 14:44:58_E18_전극 교체,2,-2,3,4
2026-07-08 14:48:53,E18,CH01,2,PPID_D,F0058,6,5,-0.01,7636.3,514.6,-168.1,7555.4,7494.3,7439.5,7407.3,7713.0,7770.6,7921.9,7770.9,7850.1,7516.0,7567.4,7764.3,7501.4,전극 교체,WO-E18-001,2026-07-03 14:44:58_E18_전극 교체,2,-2,3,4
2026-07-08 17:49:52,E19,CH02,1,PPID_D,F0059,15,13,-0.05,7372.4,1300.1,-177.9,7377.2,7629.9,7601.5,7327.3,7099.8,7669.1,7338.4,7193.9,7770.4,6564.7,7289.8,7864.8,7114.7,Chamber 세정,WO-E19-001,2026-07-03 17:02:15_E19_Chamber 세정,2,-2,5,1
2026-07-08 17:49:52,E19,CH02,2,PPID_D,F0059,16,-16,-0.05,7374.9,241.0,-174.3,7354.0,7273.8,7366.4,7323.4,7448.2,7401.5,7271.5,7330.6,7383.8,7416.1,7512.5,7319.3,7472.9,Chamber 세정,WO-E19-001,2026-07-03 17:02:15_E19_Chamber 세정,2,-2,5,6
2026-07-08 20:25:43,E20,CH03,1,PPID_A,F0060,18,2,-0.03,7483.4,353.8,-187.4,7478.5,7408.4,7471.6,7532.1,7482.4,7377.2,7641.6,7553.4,7571.3,7297.5,7369.1,7651.3,7449.9,부품 교체,WO-E20-001,2026-07-03 20:28:39_E20_부품 교체,2,-2,5,6
2026-07-08 20:25:43,E20,CH03,2,PPID_A,F0060,19,-17,-0.03,7495.4,589.0,-168.6,7688.5,7769.5,7180.5,7306.6,7486.3,7411.8,7569.6,7571.5,7658.4,7432.5,7615.8,7490.9,7257.9,부품 교체,WO-E20-001,2026-07-03 20:28:39_E20_부품 교체,2,-2,5,7
2026-07-08 23:36:43,E01,CH02,1,PPID_A,F0061,24,15,-0.01,7628.1,254.4,-180.6,7652.6,7753.7,7766.2,7607.0,7619.8,7545.9,7514.8,7677.4,7511.8,7626.1,7536.4,7724.5,7628.8,Chamber PM,WO-E01-001,2026-07-01 11:40:07_E01_Chamber PM,3,-3,0,5
2026-07-08 23:36:43,E01,CH02,2,PPID_A,F0061,25,-2,-0.01,7600.7,498.2,-176.3,7588.0,7481.3,7675.3,7751.0,7839.3,7341.1,7476.6,7613.5,7722.2,7518.1,7505.3,7502.4,7794.7,Chamber PM,WO-E01-001,2026-07-01 11:40:07_E01_Chamber PM,3,-3,0,3
2026-07-09 02:01:08,E02,CH02,1,PPID_C,F0062,24,5,-0.04,7460.1,983.2,-167.4,7789.9,7385.4,7334.0,7593.2,7187.3,7661.9,7937.4,7979.8,7600.2,7007.1,6996.6,7229.8,7279.0,가스 라인 점검,WO-E02-001,2026-07-01 14:20:25_E02_가스 라인 점검,3,-3,4,4
2026-07-09 02:01:08,E02,CH02,2,PPID_C,F0062,25,20,-0.04,7363.1,380.4,-175.0,7328.7,7277.4,7478.0,7358.1,7507.0,7441.7,7340.8,7358.7,7253.8,7459.1,7126.6,7351.0,7439.4,가스 라인 점검,WO-E02-001,2026-07-01 14:20:25_E02_가스 라인 점검,3,-3,4,5
2026-07-09 05:45:47,E03,CH03,1,PPID_D,F0063,8,20,-0.01,7216.0,659.9,-180.1,7189.9,7101.7,6887.2,7547.1,7092.1,7055.0,7312.7,7330.5,7338.6,7383.3,7284.8,7100.1,7185.2,센서 교정,WO-E03-001,2026-07-01 17:08:42_E03_센서 교정,3,-3,7,6
2026-07-09 05:45:47,E03,CH03,2,PPID_D,F0063,9,1,-0.01,7311.6,307.1,-177.6,7352.7,7233.2,7234.1,7275.6,7266.3,7108.3,7415.4,7321.4,7382.6,7301.2,7378.4,7377.3,7403.8,센서 교정,WO-E03-001,2026-07-01 17:08:42_E03_센서 교정,3,-3,7,10
2026-07-09 08:30:40,E04,CH03,1,PPID_B,F0064,12,-7,-0.05,7753.6,364.3,-159.6,7808.2,7545.7,7905.2,7667.4,7837.7,7910.0,7663.0,7604.8,7839.3,7742.4,7837.7,7795.9,7639.6,전극 교체,WO-E04-001,2026-07-01 20:24:16_E04_전극 교체,3,-3,5,6
2026-07-09 08:30:40,E04,CH03,2,PPID_B,F0064,13,2,-0.05,7658.3,127.3,-160.7,7614.9,7607.4,7654.8,7645.7,7723.3,7697.2,7650.6,7706.6,7609.9,7596.0,7697.9,7633.5,7720.4,전극 교체,WO-E04-001,2026-07-01 20:24:16_E04_전극 교체,3,-3,5,6
2026-07-09 11:24:12,E05,CH03,1,PPID_B,F0065,20,0,-0.01,7379.2,259.7,-191.0,7430.6,7492.1,7442.5,7406.3,7272.3,7362.5,7355.4,7366.4,7232.4,7361.5,7468.9,7439.7,7298.8,Chamber 세정,WO-E05-001,2026-07-01 23:21:13_E05_Chamber 세정,3,-3,9,6
2026-07-09 11:24:12,E05,CH03,2,PPID_B,F0065,21,-1,-0.01,7376.5,534.4,-153.8,7585.3,7315.7,7426.4,7552.8,7304.4,7386.6,7169.2,7308.5,7411.2,7147.1,7365.5,7681.5,7240.1,Chamber 세정,WO-E05-001,2026-07-01 23:21:13_E05_Chamber 세정,3,-3,9,8
2026-07-09 14:46:20,E06,CH02,1,PPID_B,F0066,13,-4,0.03,7705.0,677.4,-178.5,7892.1,7732.3,7695.7,7609.9,7495.1,8025.4,7903.8,7511.1,7876.1,7784.4,7776.9,7514.1,7348.0,부품 교체,WO-E06-001,2026-07-02 02:37:16_E06_부품 교체,3,-3,2,4
2026-07-09 14:46:20,E06,CH02,2,PPID_B,F0066,14,0,0.03,7815.2,1284.0,-175.6,7439.5,8218.8,7387.7,7536.6,7640.6,7221.5,8398.5,7941.1,7477.5,8505.5,7760.7,8245.7,7823.4,부품 교체,WO-E06-001,2026-07-02 02:37:16_E06_부품 교체,3,-3,2,4
2026-07-09 17:03:43,E07,CH03,1,PPID_D,F0067,20,-6,0.04,7459.6,344.9,-154.7,7377.9,7508.4,7439.3,7533.5,7431.5,7500.4,7240.3,7390.8,7475.5,7585.2,7559.8,7535.0,7397.6,정기 예방 보전,WO-E07-001,2026-07-02 05:25:15_E07_정기 예방 보전,3,-3,4,6
2026-07-09 17:03:43,E07,CH03,2,PPID_D,F0067,21,19,0.04,7613.0,1871.5,-166.7,8031.0,7505.6,6588.4,8459.9,7112.8,8143.9,7512.6,7759.6,7497.9,7090.2,7400.0,7914.9,7952.4,정기 예방 보전,WO-E07-001,2026-07-02 05:25:15_E07_정기 예방 보전,3,-3,4,8
2026-07-09 20:02:16,E08,CH02,1,PPID_A,F0068,10,19,-0.02,7615.8,715.2,-174.0,7437.1,7252.5,7747.5,7690.0,7869.9,7544.2,7262.8,7608.1,7874.0,7530.3,7734.2,7487.2,7967.7,Chamber PM,WO-E08-001,2026-07-02 08:10:53_E08_Chamber PM,3,-3,3,9
2026-07-09 20:02:16,E08,CH02,2,PPID_A,F0068,11,12,-0.02,7503.9,1186.9,-166.2,7650.1,8298.2,7509.8,7426.2,7859.2,7111.3,7522.9,7231.2,7785.5,7304.5,7349.6,7179.7,7323.1,Chamber PM,WO-E08-001,2026-07-02 08:10:53_E08_Chamber PM,3,-3,3,4
2026-07-09 23:33:58,E09,CH02,1,PPID_D,F0069,5,-10,0.05,7669.2,728.5,-165.8,7481.0,8079.0,7811.5,7482.4,8114.1,7435.4,7668.4,7530.6,7512.0,7528.7,7671.3,7999.7,7385.6,가스 라인 점검,WO-E09-001,2026-07-02 11:27:23_E09_가스 라인 점검,3,-3,2,4
2026-07-09 23:33:58,E09,CH02,2,PPID_D,F0069,6,3,0.05,7638.2,621.2,-167.2,7686.3,7330.8,7808.9,7644.4,7851.2,7793.0,7952.0,7520.2,7372.6,7658.0,7454.3,7377.1,7847.3,가스 라인 점검,WO-E09-001,2026-07-02 11:27:23_E09_가스 라인 점검,3,-3,2,1
2026-07-10 02:45:50,E10,CH01,1,PPID_A,F0070,15,-18,0.02,7710.4,479.0,-181.7,7788.5,7700.6,7716.7,7822.8,7653.7,7779.7,7558.1,7366.2,7844.9,7768.3,7845.2,7553.0,7837.9,센서 교정,WO-E10-001,2026-07-02 14:00:45_E10_센서 교정,3,-3,4,6
2026-07-10 02:45:50,E10,CH01,2,PPID_A,F0070,16,-4,0.02,7636.1,852.8,-162.0,7671.4,7840.4,7760.8,7543.9,7292.3,7734.8,7811.4,7402.3,7952.7,7792.4,7837.1,7529.9,7099.9,센서 교정,WO-E10-001,2026-07-02 14:00:45_E10_센서 교정,3,-3,4,4
2026-07-10 05:12:00,E11,CH03,1,PPID_A,F0071,15,14,0.02,7676.6,433.9,-160.7,7624.3,7552.1,7986.0,7708.6,7724.4,7598.5,7636.6,7745.5,7581.5,7584.8,7748.3,7664.5,7640.6,전극 교체,WO-E11-001,2026-07-02 17:36:58_E11_전극 교체,3,-3,4,8
2026-07-10 05:12:00,E11,CH03,2,PPID_A,F0071,16,17,0.02,7318.6,1473.4,-167.5,7091.7,7909.2,6926.8,7421.7,7652.2,7365.3,7779.1,6505.7,7089.6,7505.1,7046.6,6869.8,7979.1,전극 교체,WO-E11-001,2026-07-02 17:36:58_E11_전극 교체,3,-3,4,9
2026-07-10 08:08:39,E12,CH03,1,PPID_D,F0072,16,-6,-0.03,7680.0,126.6,-150.3,7710.6,7636.9,7715.5,7690.3,7675.8,7681.7,7693.5,7641.0,7753.5,7678.0,7687.9,7648.6,7626.9,Chamber 세정,WO-E12-001,2026-07-02 20:26:05_E12_Chamber 세정,3,-3,2,5
2026-07-10 08:08:39,E12,CH03,2,PPID_D,F0072,17,-11,-0.03,7581.3,485.0,-173.7,7887.3,7426.2,7783.3,7659.4,7534.8,7564.7,7412.0,7794.3,7632.0,7482.6,7459.8,7402.3,7518.2,Chamber 세정,WO-E12-001,2026-07-02 20:26:05_E12_Chamber 세정,3,-3,2,3
2026-07-10 11:02:17,E13,CH03,1,PPID_A,F0073,16,-1,-0.02,7401.7,246.6,-179.1,7409.4,7255.6,7354.5,7433.0,7385.6,7316.8,7502.2,7318.8,7492.7,7493.1,7416.1,7442.6,7401.2,부품 교체,WO-E13-001,2026-07-02 23:43:54_E13_부품 교체,3,-3,6,9
2026-07-10 11:02:17,E13,CH03,2,PPID_A,F0073,17,13,-0.02,7482.5,197.0,-161.9,7448.1,7483.9,7534.9,7495.9,7412.7,7594.7,7576.4,7413.2,7460.4,7530.9,7397.7,7523.8,7400.2,부품 교체,WO-E13-001,2026-07-02 23:43:54_E13_부품 교체,3,-3,6,7
2026-07-10 14:03:06,E14,CH03,1,PPID_A,F0074,3,18,0.01,7491.5,597.3,-170.2,7412.6,7668.8,7522.7,7420.4,7427.5,7472.4,7644.3,7606.9,7071.5,7578.4,7527.8,7664.7,7371.0,정기 예방 보전,WO-E14-001,2026-07-03 02:38:51_E14_정기 예방 보전,3,-3,3,4
2026-07-10 14:03:06,E14,CH03,2,PPID_A,F0074,4,-16,0.01,7389.0,643.7,-178.4,7732.2,7373.0,7433.4,7474.7,7327.6,7307.7,7423.9,7088.5,7335.6,7520.0,7296.4,7489.6,7254.5,정기 예방 보전,WO-E14-001,2026-07-03 02:38:51_E14_정기 예방 보전,3,-3,3,3
2026-07-10 17:45:36,E15,CH03,1,PPID_A,F0075,19,15,0.04,7433.8,368.6,-151.2,7299.5,7322.8,7333.3,7591.9,7532.4,7537.5,7436.1,7264.1,7331.3,7334.0,7392.0,7632.1,7632.7,Chamber PM,WO-E15-001,2026-07-03 05:26:41_E15_Chamber PM,3,-3,3,6
2026-07-10 17:45:36,E15,CH03,2,PPID_A,F0075,20,-12,0.04,7426.1,1692.1,-162.3,7196.7,6348.5,7073.8,8040.6,7630.0,7417.1,7063.3,7650.3,7766.8,7235.5,7901.0,7615.5,7600.3,Chamber PM,WO-E15-001,2026-07-03 05:26:41_E15_Chamber PM,3,-3,3,7
2026-07-10 20:42:27,E16,CH02,1,PPID_A,F0076,5,9,0.05,7623.5,635.2,-167.8,7427.8,7722.0,7722.6,7946.5,7633.0,7311.3,7622.8,7641.7,7466.0,7928.3,7614.8,7419.8,7649.2,가스 라인 점검,WO-E16-001,2026-07-03 08:45:58_E16_가스 라인 점검,3,-3,2,3
2026-07-10 20:42:27,E16,CH02,2,PPID_A,F0076,6,-5,0.05,7585.2,664.2,-185.7,7946.1,7670.2,7447.1,7674.6,7350.1,7593.3,7366.7,7607.5,7695.0,7585.5,7281.9,7654.7,7734.4,가스 라인 점검,WO-E16-001,2026-07-03 08:45:58_E16_가스 라인 점검,3,-3,2,4
2026-07-10 23:08:32,E17,CH01,1,PPID_C,F0077,9,-3,-0.03,7646.1,637.3,-172.0,7494.3,7514.0,7546.2,8027.7,7751.6,7408.9,7743.6,7531.5,7638.4,7390.4,7715.4,8022.9,7614.8,센서 교정,WO-E17-001,2026-07-03 11:44:17_E17_센서 교정,3,-3,1,3
2026-07-10 23:08:32,E17,CH01,2,PPID_C,F0077,10,-1,-0.03,7497.7,982.6,-166.6,7452.2,7387.2,7657.7,7445.0,7953.3,6970.7,7432.3,7269.0,7905.9,7524.0,7746.6,7298.3,7428.3,센서 교정,WO-E17-001,2026-07-03 11:44:17_E17_센서 교정,3,-3,1,7
2026-07-11 02:49:12,E18,CH03,1,PPID_B,F0078,11,-20,0.03,7357.8,974.6,-171.5,7206.6,7432.4,7489.5,7347.5,7689.8,6770.3,7744.9,7714.8,7642.4,7164.5,7305.8,7150.4,6993.1,전극 교체,WO-E18-001,2026-07-03 14:44:58_E18_전극 교체,3,-3,5,10
2026-07-11 02:49:12,E18,CH03,2,PPID_B,F0078,12,0,0.03,7303.0,422.5,-179.2,7129.6,7360.7,7248.2,7552.1,7404.0,7241.1,7230.2,7231.5,7235.6,7298.0,7293.6,7415.3,7299.5,전극 교체,WO-E18-001,2026-07-03 14:44:58_E18_전극 교체,3,-3,5,8
2026-07-11 05:24:17,E19,CH02,1,PPID_C,F0079,13,11,0.04,7221.8,675.3,-170.3,7395.0,7367.3,7304.8,7199.1,7199.5,7449.3,7186.1,7155.2,7472.5,7010.5,6797.2,7139.4,7207.5,Chamber 세정,WO-E19-001,2026-07-03 17:02:15_E19_Chamber 세정,3,-3,6,1
2026-07-11 05:24:17,E19,CH02,2,PPID_C,F0079,14,20,0.04,7299.2,263.3,-179.6,7355.7,7257.2,7330.6,7138.0,7283.1,7337.1,7298.2,7263.7,7319.8,7401.3,7252.7,7314.4,7337.4,Chamber 세정,WO-E19-001,2026-07-03 17:02:15_E19_Chamber 세정,3,-3,6,7
2026-07-11 08:39:02,E20,CH02,1,PPID_B,F0080,1,-1,-0.03,7650.9,1215.5,-177.3,8249.5,7919.4,7483.2,7515.6,7941.9,7034.0,7394.3,7131.8,7641.0,7702.1,7468.6,8241.9,7738.7,부품 교체,WO-E20-001,2026-07-03 20:28:39_E20_부품 교체,3,-3,2,9
2026-07-11 08:39:02,E20,CH02,2,PPID_B,F0080,2,20,-0.03,7569.5,218.6,-169.4,7604.2,7618.1,7579.8,7466.9,7608.5,7586.4,7641.9,7634.9,7526.3,7423.3,7577.0,7588.5,7547.6,부품 교체,WO-E20-001,2026-07-03 20:28:39_E20_부품 교체,3,-3,2,7
2026-07-11 11:06:39,E01,CH03,1,PPID_B,F0081,15,-3,0.05,7467.3,777.9,-175.3,7754.4,7350.4,7731.9,7606.1,7060.8,7097.5,7838.7,7611.1,7376.4,7478.2,7235.0,7377.1,7556.7,Chamber PM,WO-E01-001,2026-07-01 11:40:07_E01_Chamber PM,end,-3,2,6
2026-07-11 11:06:39,E01,CH03,2,PPID_B,F0081,16,6,0.05,7631.8,220.0,-160.6,7663.4,7657.5,7554.7,7578.9,7641.6,7675.9,7605.8,7666.0,7645.4,7654.6,7716.2,7656.8,7496.2,Chamber PM,WO-E01-001,2026-07-01 11:40:07_E01_Chamber PM,end,-3,2,2
2026-07-11 14:14:05,E02,CH03,1,PPID_D,F0082,7,9,0.04,7437.0,740.0,-173.9,7361.6,7656.7,7605.3,7689.6,7658.6,7509.6,7237.5,7419.5,7328.9,7504.4,7372.2,6949.6,7387.3,가스 라인 점검,WO-E02-001,2026-07-01 14:20:25_E02_가스 라인 점검,end,-3,3,5
2026-07-11 14:14:05,E02,CH03,2,PPID_D,F0082,8,9,0.04,7557.8,213.0,-193.3,7524.7,7557.1,7481.2,7469.9,7545.3,7585.1,7508.9,7521.9,7672.5,7558.9,7542.0,7682.9,7600.9,가스 라인 점검,WO-E02-001,2026-07-01 14:20:25_E02_가스 라인 점검,end,-3,3,3
2026-07-11 17:23:23,E03,CH02,1,PPID_A,F0083,18,1,-0.02,7270.9,1513.1,-162.0,6458.0,6891.1,7356.1,7670.6,7290.3,7453.1,7132.3,7290.6,7023.7,7261.6,7971.1,7127.7,7595.3,센서 교정,WO-E03-001,2026-07-01 17:08:42_E03_센서 교정,end,-3,2,6
2026-07-11 17:23:23,E03,CH02,2,PPID_A,F0083,19,-2,-0.02,7430.5,931.3,-170.8,7254.4,7562.9,7550.2,7060.7,7626.5,7002.3,7648.7,7933.6,7502.6,7223.7,7758.0,7012.9,7459.9,센서 교정,WO-E03-001,2026-07-01 17:08:42_E03_센서 교정,end,-3,2,5
2026-07-11 20:36:08,E04,CH03,1,PPID_B,F0084,9,-2,-0.02,7691.1,939.6,-170.8,7921.1,8179.1,8182.9,7413.8,7668.3,7743.7,7715.5,7713.9,7821.8,7587.8,7328.1,7465.6,7243.3,전극 교체,WO-E04-001,2026-07-01 20:24:16_E04_전극 교체,end,-3,6,9
2026-07-11 20:36:08,E04,CH03,2,PPID_B,F0084,10,0,-0.02,7482.8,402.4,-183.6,7550.5,7338.1,7740.5,7669.3,7427.2,7569.8,7377.6,7677.4,7493.0,7339.6,7360.8,7350.0,7382.1,전극 교체,WO-E04-001,2026-07-01 20:24:16_E04_전극 교체,end,-3,6,7
2026-07-11 23:34:54,E05,CH03,1,PPID_A,F0085,17,0,0.01,7387.0,180.2,-186.2,7298.5,7456.3,7455.6,7405.7,7354.4,7370.1,7335.1,7420.3,7478.7,7328.9,7385.9,7356.8,7384.5,Chamber 세정,WO-E05-001,2026-07-01 23:21:13_E05_Chamber 세정,end,-3,10,9
2026-07-11 23:34:54,E05,CH03,2,PPID_A,F0085,18,6,0.01,7394.2,243.7,-145.4,7388.7,7440.5,7347.1,7249.5,7412.9,7256.5,7402.4,7442.6,7460.8,7493.2,7472.1,7473.5,7284.4,Chamber 세정,WO-E05-001,2026-07-01 23:21:13_E05_Chamber 세정,end,-3,10,9
2026-07-12 02:37:30,E06,CH03,1,PPID_C,F0086,21,-13,0.05,7466.3,139.9,-177.1,7469.5,7461.0,7449.3,7493.1,7484.5,7471.3,7503.8,7491.0,7454.8,7445.3,7514.9,7375.0,7448.7,부품 교체,WO-E06-001,2026-07-02 02:37:16_E06_부품 교체,end,-3,2,9
2026-07-12 02:37:30,E06,CH03,2,PPID_C,F0086,22,-12,0.05,7494.6,360.6,-165.8,7646.5,7528.2,7561.9,7669.6,7360.2,7310.3,7455.7,7430.0,7517.6,7387.3,7500.5,7670.9,7391.6,부품 교체,WO-E06-001,2026-07-02 02:37:16_E06_부품 교체,end,-3,2,7
2026-07-12 05:01:47,E07,CH01,1,PPID_B,F0087,5,-1,-0.03,7598.6,930.6,-165.4,7527.5,7394.8,7630.5,7542.7,7648.7,7576.1,7299.1,7134.6,7696.7,8065.2,7952.2,7839.7,7473.8,정기 예방 보전,WO-E07-001,2026-07-02 05:25:15_E07_정기 예방 보전,end,-3,1,4
2026-07-12 05:01:47,E07,CH01,2,PPID_B,F0087,6,-5,-0.03,7515.4,1845.1,-172.8,7770.5,7323.3,6449.7,8294.8,7582.2,7876.0,7160.8,7470.7,7394.4,7113.4,7820.9,7396.6,8046.3,정기 예방 보전,WO-E07-001,2026-07-02 05:25:15_E07_정기 예방 보전,end,-3,1,4
2026-07-12 08:18:35,E08,CH01,1,PPID_A,F0088,11,-2,0.02,7346.6,577.9,-175.3,7336.5,7490.9,7592.1,7014.2,7306.0,7359.7,7159.0,7481.2,7100.1,7540.5,7444.6,7258.1,7422.4,Chamber PM,WO-E08-001,2026-07-02 08:10:53_E08_Chamber PM,end,-3,2,5
2026-07-12 08:18:35,E08,CH01,2,PPID_A,F0088,12,7,0.02,7370.7,607.6,-178.5,7723.4,7464.0,7115.8,7222.6,7259.9,7391.8,7286.3,7306.1,7290.2,7620.2,7528.6,7320.7,7289.4,Chamber PM,WO-E08-001,2026-07-02 08:10:53_E08_Chamber PM,end,-3,2,6
2026-07-12 11:48:33,E09,CH03,1,PPID_D,F0089,7,11,-0.01,7601.4,636.1,-168.2,7919.5,7566.1,7711.0,7706.3,7696.2,7592.6,7660.5,7480.3,7283.4,7799.9,7316.0,7475.6,7611.3,가스 라인 점검,WO-E09-001,2026-07-02 11:27:23_E09_가스 라인 점검,end,-3,6,5
2026-07-12 11:48:33,E09,CH03,2,PPID_D,F0089,8,4,-0.01,7745.5,662.4,-162.0,7667.6,8068.0,7721.7,8079.6,7673.3,7457.7,7772.1,7589.1,7939.0,7792.9,7654.6,7417.2,7858.4,가스 라인 점검,WO-E09-001,2026-07-02 11:27:23_E09_가스 라인 점검,end,-3,6,5
2026-07-12 14:17:01,E10,CH03,1,PPID_A,F0090,11,0,0.01,7543.2,200.8,-155.4,7478.9,7588.1,7498.6,7497.4,7609.1,7432.0,7533.2,7567.5,7552.6,7632.8,7612.9,7539.3,7519.8,센서 교정,WO-E10-001,2026-07-02 14:00:45_E10_센서 교정,end,-3,2,4
2026-07-12 14:17:01,E10,CH03,2,PPID_A,F0090,12,7,0.01,7521.4,525.4,-188.9,7589.0,7470.6,7379.2,7460.0,7542.4,7688.8,7270.8,7647.3,7321.6,7565.1,7485.7,7561.3,7796.2,센서 교정,WO-E10-001,2026-07-02 14:00:45_E10_센서 교정,end,-3,2,3
2026-07-12 17:40:13,E11,CH03,1,PPID_C,F0091,10,18,0.05,7376.0,355.4,-182.4,7392.7,7262.5,7142.5,7423.4,7473.5,7356.6,7312.8,7312.3,7496.5,7376.4,7497.9,7436.5,7404.4,전극 교체,WO-E11-001,2026-07-02 17:36:58_E11_전극 교체,end,-3,5,9
2026-07-12 17:40:13,E11,CH03,2,PPID_C,F0091,11,13,0.05,7370.8,566.7,-152.8,7249.1,7621.6,7518.8,7562.0,7086.1,7515.5,7330.5,7350.4,7606.4,7054.9,7296.1,7238.6,7390.1,전극 교체,WO-E11-001,2026-07-02 17:36:58_E11_전극 교체,end,-3,5,12
2026-07-12 20:19:01,E12,CH01,1,PPID_A,F0092,23,15,0.05,7447.6,725.8,-161.6,7247.9,7184.8,7866.6,7383.1,7226.1,7799.2,7451.0,7291.9,7478.1,7140.8,7654.9,7538.5,7555.6,Chamber 세정,WO-E12-001,2026-07-02 20:26:05_E12_Chamber 세정,end,-3,0,5
2026-07-12 20:19:01,E12,CH01,2,PPID_A,F0092,24,-14,0.05,7464.7,453.0,-174.8,7394.9,7529.2,7216.2,7669.2,7506.8,7537.1,7556.8,7515.4,7485.6,7588.4,7239.0,7491.3,7311.2,Chamber 세정,WO-E12-001,2026-07-02 20:26:05_E12_Chamber 세정,end,-3,0,5
2026-07-12 23:43:37,E13,CH03,1,PPID_C,F0093,7,-9,-0.04,7561.6,681.3,-165.1,7490.5,7452.3,7456.2,7545.5,7499.9,7393.4,7774.1,7886.1,7717.0,7487.5,7596.5,7204.8,7797.3,부품 교체,WO-E13-001,2026-07-02 23:43:54_E13_부품 교체,end,-3,7,10
2026-07-12 23:43:37,E13,CH03,2,PPID_C,F0093,8,4,-0.04,7391.7,433.3,-161.8,7262.9,7353.2,7261.1,7397.9,7538.5,7231.2,7602.6,7506.8,7531.8,7362.0,7169.3,7443.4,7431.3,부품 교체,WO-E13-001,2026-07-02 23:43:54_E13_부품 교체,end,-3,7,10
2026-07-13 02:38:42,E14,CH01,1,PPID_A,F0094,9,-1,0.03,7597.5,309.5,-146.1,7623.5,7653.4,7569.5,7707.2,7553.8,7642.0,7408.9,7612.2,7460.9,7673.5,7718.4,7568.6,7575.2,정기 예방 보전,WO-E14-001,2026-07-03 02:38:51_E14_정기 예방 보전,end,-3,1,7
2026-07-13 02:38:42,E14,CH01,2,PPID_A,F0094,10,-17,0.03,7495.9,1186.8,-161.6,7164.5,7387.5,7509.1,6677.0,7820.9,7863.8,7810.7,7571.2,7746.7,7684.0,7172.9,7508.2,7529.6,정기 예방 보전,WO-E14-001,2026-07-03 02:38:51_E14_정기 예방 보전,end,-3,1,7
2026-07-13 05:15:49,E15,CH03,1,PPID_A,F0095,11,-13,-0.05,7370.6,944.8,-182.1,7422.7,7453.7,6814.7,7564.8,7759.5,7325.4,7353.6,7017.7,7419.4,7479.5,7474.1,7466.5,7266.4,Chamber PM,WO-E15-001,2026-07-03 05:26:41_E15_Chamber PM,end,-3,3,7
2026-07-13 05:15:49,E15,CH03,2,PPID_A,F0095,12,-10,-0.05,7396.5,806.3,-165.7,7421.2,7328.9,7690.6,7578.6,7263.8,7323.9,7486.8,7368.2,7626.4,7316.4,7491.3,6884.3,7374.6,Chamber PM,WO-E15-001,2026-07-03 05:26:41_E15_Chamber PM,end,-3,3,8
2026-07-13 08:31:33,E16,CH01,1,PPID_C,F0096,15,10,0.01,7248.4,503.6,-189.9,7324.6,7495.7,7495.2,7191.8,7015.5,7364.4,7029.1,7132.3,6992.1,7396.0,7022.4,7435.4,7334.7,가스 라인 점검,WO-E16-001,2026-07-03 08:45:58_E16_가스 라인 점검,end,-3,4,5
2026-07-13 08:31:33,E16,CH01,2,PPID_C,F0096,16,-7,0.01,7278.0,663.8,-167.0,7065.3,7301.0,7308.2,7044.0,7313.3,7121.9,7169.7,7131.3,7489.9,7253.9,7340.0,7707.8,7367.2,가스 라인 점검,WO-E16-001,2026-07-03 08:45:58_E16_가스 라인 점검,end,-3,4,4
2026-07-13 11:41:15,E17,CH03,1,PPID_B,F0097,3,-11,-0.01,7454.4,1277.7,-171.6,7417.2,6888.3,7413.1,7501.2,7628.4,7613.7,8166.0,7535.2,7379.6,7522.8,7266.3,7401.5,7174.5,센서 교정,WO-E17-001,2026-07-03 11:44:17_E17_센서 교정,end,-3,4,4
2026-07-13 11:41:15,E17,CH03,2,PPID_B,F0097,4,0,-0.01,7566.1,484.3,-192.6,7599.6,7460.2,7438.2,7771.3,7861.8,7377.5,7603.9,7794.4,7387.7,7603.6,7433.8,7553.0,7473.8,센서 교정,WO-E17-001,2026-07-03 11:44:17_E17_센서 교정,end,-3,4,3
2026-07-13 14:42:30,E18,CH02,1,PPID_B,F0098,7,-14,-0.03,7503.7,807.6,-180.7,7079.6,7397.2,7557.8,7483.5,7630.5,7463.0,7424.5,7526.1,7623.5,7333.0,7791.8,7350.8,7887.2,전극 교체,WO-E18-001,2026-07-03 14:44:58_E18_전극 교체,end,-3,2,3
2026-07-13 14:42:30,E18,CH02,2,PPID_B,F0098,8,19,-0.03,7580.8,264.2,-167.4,7604.7,7574.6,7607.1,7549.3,7439.8,7585.7,7528.0,7596.6,7605.7,7704.0,7561.5,7566.9,7627.0,전극 교체,WO-E18-001,2026-07-03 14:44:58_E18_전극 교체,end,-3,2,3
2026-07-13 17:15:09,E19,CH03,1,PPID_B,F0099,5,6,0.01,7528.6,536.4,-163.5,7659.0,7442.1,7449.3,7522.5,7547.1,7360.9,7598.6,7481.3,7808.7,7504.8,7272.3,7692.1,7533.3,Chamber 세정,WO-E19-001,2026-07-03 17:02:15_E19_Chamber 세정,end,-3,4,7
2026-07-13 17:15:09,E19,CH03,2,PPID_B,F0099,6,13,0.01,7466.1,1219.5,-163.4,7167.3,7104.0,7141.5,7680.6,7002.1,7850.9,7701.0,7794.3,7190.6,7164.2,7448.4,8221.6,7592.9,Chamber 세정,WO-E19-001,2026-07-03 17:02:15_E19_Chamber 세정,end,-3,4,8
2026-07-13 20:19:46,E20,CH03,1,PPID_A,F0100,24,-4,-0.05,7664.0,192.4,-193.8,7675.4,7670.8,7764.5,7619.4,7718.2,7602.3,7625.7,7698.3,7617.1,7572.1,7601.3,7749.7,7717.8,부품 교체,WO-E20-001,2026-07-03 20:28:39_E20_부품 교체,end,-3,6,7
2026-07-13 20:19:46,E20,CH03,2,PPID_A,F0100,25,10,-0.05,7406.4,1695.7,-154.4,7987.8,7745.1,6755.2,8230.7,7568.3,7376.3,7721.3,6535.0,7886.0,7440.1,7132.5,6687.4,7217.2,부품 교체,WO-E20-001,2026-07-03 20:28:39_E20_부품 교체,end,-3,6,8
